{
  "project_info": {
    "project_number": "512553414862",
    "firebase_url": "https://quizzz-1.firebaseio.com",
    "project_id": "quizzz-1",
    "storage_bucket": "quizzz-1.appspot.com"
  },
  "client": [
    {
      "client_info": {
        "mobilesdk_app_id": "1:512553414862:android:783745f121b2785cfda09f",
        "android_client_info": {
          "package_name": "com.example.quizzz_1"
        }
      },
      "oauth_client": [
        {
          "client_id": "512553414862-lbff44ucbsjp6a6umqh1c09jsh23b67m.apps.googleusercontent.com",
          "client_type": 3
        }
      ],
      "api_key": [
        {
          "current_key": "AIzaSyCeCiiPOBp8R8vCrrNVKN31RnXBPRVM43k"
        }
      ],
      "services": {
        "appinvite_service": {
          "other_platform_oauth_client": [
            {
              "client_id": "512553414862-lbff44ucbsjp6a6umqh1c09jsh23b67m.apps.googleusercontent.com",
              "client_type": 3
            }
          ]
        }
      }
    }
  ],
  "configuration_version": "1"
}